created_at,updated_at,is_deleted,id,username,email,is_admin,password,status,is_blocked,mobile
2020-12-09,2021-02-07,false,1,Tomasina,yash.j+Tomasina@oneworld.in,true,615,ACTIVE,false,+919765002224
2020-10-17,2020-09-30,true,2,Fina,yash.j+Fina@oneworld.in,false,302,ACTIVE,true,+919765002224
2021-12-17,2020-12-19,true,3,Norine,yash.j+Norine@oneworld.in,false,920,ACTIVE,false,+919765002224
2020-02-26,2020-03-31,false,4,Vinita,yash.j+Vinita@oneworld.in,false,928,ACTIVE,true,+919765002224
2022-05-22,2022-11-08,false,5,Tarra,yash.j+Tarra@oneworld.in,true,135,ACTIVE,true,+919765002224
2021-10-15,2021-02-15,true,6,Binny,yash.j+Binny@oneworld.in,true,411,ACTIVE,false,+919765002224
2020-04-10,2021-03-24,true,7,Tamqrah,yash.j+Tamqrah@oneworld.in,true,137,ACTIVE,true,+919765002224
2021-09-30,2021-02-17,false,8,Renie,yash.j+Renie@oneworld.in,false,997,ACTIVE,false,+919765002224
2021-06-08,2020-11-13,true,9,Monika,yash.j+Monika@oneworld.in,false,715,ACTIVE,false,+919765002224
2022-05-06,2021-06-10,false,10,Valera,yash.j+Valera@oneworld.in,false,908,ACTIVE,false,+919765002224
2020-04-10,2020-02-19,true,11,Almeta,yash.j+Almeta@oneworld.in,false,889,ACTIVE,false,+919765002224
2022-03-23,2021-12-10,false,12,Audrie,yash.j+Audrie@oneworld.in,false,303,ACTIVE,true,+919765002224
2020-03-07,2021-03-09,false,13,Selia,yash.j+Selia@oneworld.in,true,44,ACTIVE,false,+919765002224
2022-06-10,2021-01-31,false,14,Elka,yash.j+Elka@oneworld.in,false,122,ACTIVE,false,+919765002224
2021-09-21,2020-11-10,true,15,Gavrielle,yash.j+Gavrielle@oneworld.in,false,489,ACTIVE,false,+919765002224
2020-04-10,2022-06-07,true,16,Fanny,yash.j+Fanny@oneworld.in,false,135,ACTIVE,false,+919765002224
2020-02-23,2021-08-09,true,17,Corina,yash.j+Corina@oneworld.in,false,291,ACTIVE,false,+919765002224
2021-03-09,2021-03-23,true,18,Kelly,yash.j+Kelly@oneworld.in,false,312,ACTIVE,true,+919765002224
2021-06-17,2022-09-18,true,19,Leanna,yash.j+Leanna@oneworld.in,true,830,ACTIVE,false,+919765002224
2021-08-12,2021-11-28,false,20,Celisse,yash.j+Celisse@oneworld.in,true,255,ACTIVE,false,+919765002224
2020-12-12,2020-07-09,false,21,Karolina,yash.j+Karolina@oneworld.in,false,561,ACTIVE,true,+919765002224
2022-03-17,2021-09-12,false,22,Millie,yash.j+Millie@oneworld.in,false,23,ACTIVE,true,+919765002224
2020-10-01,2020-08-06,true,23,Lorne,yash.j+Lorne@oneworld.in,false,871,ACTIVE,true,+919765002224
2021-01-24,2021-06-03,false,24,Dari,yash.j+Dari@oneworld.in,false,934,ACTIVE,false,+919765002224
2021-06-10,2021-07-22,false,25,Juliane,yash.j+Juliane@oneworld.in,true,158,ACTIVE,false,+919765002224
2021-06-11,2021-10-06,false,26,Maisey,yash.j+Maisey@oneworld.in,true,129,ACTIVE,false,+919765002224
2020-08-19,2022-01-27,true,27,Tabbatha,yash.j+Tabbatha@oneworld.in,false,691,ACTIVE,false,+919765002224
2021-04-26,2022-10-23,false,28,Gisela,yash.j+Gisela@oneworld.in,true,888,ACTIVE,false,+919765002224
2021-11-30,2020-07-29,false,29,Andree,yash.j+Andree@oneworld.in,false,272,ACTIVE,true,+919765002224
2020-09-22,2022-02-21,true,30,Peri,yash.j+Peri@oneworld.in,true,25,ACTIVE,true,+919765002224
2020-07-09,2020-04-17,true,31,Bill,yash.j+Bill@oneworld.in,false,477,ACTIVE,false,+919765002224
2022-08-05,2020-09-13,false,32,Phylis,yash.j+Phylis@oneworld.in,false,90,ACTIVE,true,+919765002224
2022-04-20,2022-10-20,true,33,Winny,yash.j+Winny@oneworld.in,false,994,ACTIVE,false,+919765002224
2021-05-28,2022-06-16,true,34,Di,yash.j+Di@oneworld.in,false,977,ACTIVE,true,+919765002224
2021-02-23,2021-12-02,true,35,Roseline,yash.j+Roseline@oneworld.in,false,11,ACTIVE,false,+919765002224
2020-03-27,2020-05-31,true,36,Yvonne,yash.j+Yvonne@oneworld.in,false,124,ACTIVE,true,+919765002224
2022-06-17,2020-10-14,true,37,Kate,yash.j+Kate@oneworld.in,false,289,ACTIVE,true,+919765002224
2020-05-01,2021-08-26,false,38,Clementine,yash.j+Clementine@oneworld.in,true,317,ACTIVE,true,+919765002224
2020-08-24,2022-01-07,false,39,Gabriellia,yash.j+Gabriellia@oneworld.in,false,195,ACTIVE,false,+919765002224
2021-08-08,2022-04-25,true,40,Lyssa,yash.j+Lyssa@oneworld.in,true,973,ACTIVE,true,+919765002224